Workbook

Sheet Requirement List
A1: No. | B1: ID | C1: Requirement Name | D1: Details | E1: Remark | F1: Number of TCs
A2: 1 | B2: R001 | C2: Edit Release | D2: API dành cho sửa Release | F2: =countif('Test Cases'!C:C,C2) -> 10
A3: =A2+1 -> 2 | B3: R002 | C3: Add Release | D3: API dành cho tạo Release | F3: =countif('Test Cases'!C:C,C3) -> 10
A4: =A3+1 -> 3 | B4: R003 | C4: Add Test Plan | D4: API dành cho tạo Test plan | F4: =countif('Test Cases'!C:C,C4) -> 10
A5: <<< Insert New Line above this line >>> | D5: Total | E5: Total | F5: =SUM(F2:F4) -> 30

Sheet Test Cases
I1: Test Execution
A2: No. | B2: Test Case ID | C2: Requirement Name | D2: Test case name/Objective | E2: Precondition | F2: Test steps | G2: Expected Result | H2: Created By | I2: Actual Result | J2: Status | K2: Bug ID | L2: Tester | M2: Tested Date | N2: Remark
A3: 1 | B3: Add Release - TC001 | C3: Add Release | D3: Release created with valid inputs | E3: Set network throttling latency to 60000 login as john_doe | F3: 1. Click on Displayed project, choose Release Field 2. Open Devtools, choose the network configged in Precondition 3. Click Add Release, field in valid inputs. then click create 4. In tab network, select the new request appearing, right click, and copy its cUrl 5. Open Postman, choose import and paste the cUrl 6. Click Send Request | G3: { "message": "Release created successfully.", "releaseId": 41 } | H3: 21127365 | I3: { "message": "Release created successfully.", "releaseId": 41 } | J3: Passed | L3: 21127365 | M3: 45524
B4: Add Release - TC002 | C4: Add Release | D4: Release failed to create with invalid name | E4: Set network throttling latency to 60000 login as john_doe | F4: 1. Click on Displayed project, choose Release Field 2. Open Devtools, choose the network configged in Precondition 3. Click Add Release, field in valid inputs, and let the name field "". then click create 4. In tab network, select the new request appearing, right click, and copy its cUrl 5. Open Postman, choose import and paste the cUrl 6. Click Send Request | G4: { "message": "Release name must not be empty." } | H4: 21127365 | I4: { "message": "Release name must not be empty." } | J4: Passed | L4: 21127365 | M4: 45524
B5: Add Release - TC003 | C5: Add Release | D5: Release failed to create with no name | E5: Set network throttling latency to 60000 login as john_doe | F5: 1. Click on Displayed project, choose Release Field 2. Open Devtools, choose the network configged in Precondition 3. Click Add Release, field in valid inputs then click create 4. In tab network, select the new request appearing, right click, and copy its cUrl 5. Open Postman, choose import and paste the cUrl 6. In body, delete name field 7. Click Send Request | G5: { "message": "Release name must not be empty." } | H5: 21127365 | I5: { "message": "Release name must not be empty." } | J5: Passed | L5: 21127365 | M5: 45524
B6: Add Release - TC004 | C6: Add Release | D6: Release failed to create with no start date | E6: Set network throttling latency to 60000 login as john_doe | F6: 1. Click on Displayed project, choose Release Field 2. Open Devtools, choose the network configged in Precondition 3. Click Add Release, field in valid inputs then click create 4. In tab network, select the new request appearing, right click, and copy its cUrl 5. Open Postman, choose import and paste the cUrl 6. In body, delete start date field 7. Click Send Request | G6: { "message": "Invalid timestamp." } | H6: 21127365 | I6: { "message": "Release created successfully.", "releaseId": 43 } | J6: Failed | K6: 53617 | L6: 21127365 | M6: 45524
B7: Add Release - TC005 | C7: Add Release | D7: Release failed to create with no end date | E7: Set network throttling latency to 60000 login as john_doe | F7: 1. Click on Displayed project, choose Release Field 2. Open Devtools, choose the network configged in Precondition 3. Click Add Release, field in valid inputs then click create 4. In tab network, select the new request appearing, right click, and copy its cUrl 5. Open Postman, choose import and paste the cUrl 6. In body, delete end date field 7. Click Send Request | G7: { "message": "Invalid timestamp." } | H7: 21127365 | I7: { "message": "Invalid timestamp." } | J7: Passed | L7: 21127365 | M7: 45524
B8: Add Release - TC006 | C8: Add Release | D8: Release failed to create with invalid start date | E8: Set network throttling latency to 60000 login as john_doe | F8: 1. Click on Displayed project, choose Release Field 2. Open Devtools, choose the network configged in Precondition 3. Click Add Release, field in valid inputs then click create 4. In tab network, select the new request appearing, right click, and copy its cUrl 5. Open Postman, choose import and paste the cUrl 6. In body, set start date to "2024--08-23" 7. Click Send Request | G8: { "message": "An error occurred while creating the release." } | H8: 21127365 | I8: { "message": "An error occurred while creating the release." } | J8: Passed | L8: 21127365 | M8: 45524
B9: Add Release - TC007 | C9: Add Release | D9: Release failed to create with invalid end date | E9: Set network throttling latency to 60000 login as john_doe | F9: 1. Click on Displayed project, choose Release Field 2. Open Devtools, choose the network configged in Precondition 3. Click Add Release, field in valid inputs then click create 4. In tab network, select the new request appearing, right click, and copy its cUrl 5. Open Postman, choose import and paste the cUrl 6. In body, set start date to "2024--08-28" 7. Click Send Request | G9: { "message": "An error occurred while creating the release." } | H9: 21127365 | I9: { "message": "An error occurred while creating the release." } | J9: Passed | L9: 21127365 | M9: 45524
B10: Add Release - TC008 | C10: Add Release | D10: Release failed to create with start date after end date | E10: Set network throttling latency to 60000 login as john_doe | F10: 1. Click on Displayed project, choose Release Field 2. Open Devtools, choose the network configged in Precondition 3. Click Add Release, field in valid inputs then click create 4. In tab network, select the new request appearing, right click, and copy its cUrl 5. Open Postman, choose import and paste the cUrl 6. In body, set start date to "2024-08-30" and end date to "2024-08-28" 7. Click Send Request | G10: { "message": "An error occurred while creating the release." } | H10: 21127365 | I10: { "message": "An error occurred while creating the release." } | J10: Passed | L10: 21127365 | M10: 45524
B11: Add Release - TC009 | C11: Add Release | D11: Release failed to create with no access token | E11: Set network throttling latency to 60000 login as john_doe | F11: 1. Click on Displayed project, choose Release Field 2. Open Devtools, choose the network configged in Precondition 3. Click Add Release, field in valid inputs then click create 4. In tab network, select the new request appearing, right click, and copy its cUrl 5. Open Postman, choose import and paste the cUrl 6. In Header, turn off the cookies 7. Click Send Request | G11: { "message": "Invalid token", "content": "", "date": "2024-08-20T16:00:46.707Z" } | H11: 21127365 | I11: { "message": "Invalid token", "content": "", "date": "2024-08-20T16:00:46.707Z" } | J11: Passed | L11: 21127365 | M11: 45524
B12: Add Release - TC010 | C12: Add Release | D12: Release failed to create with invalid token | E12: Set network throttling latency to 60000 Login as tomr | F12: 1. Click on Displayed project, choose Release Field 2. Open Devtools, choose the network configged in Precondition 3. Click Add Release, field in valid inputs then click create 4. In tab network, select the new request appearing, right click, and copy its cUrl 5. Open Postman, choose import and paste the cUrl 6. Click Send Request | G12: { "message": "You do not have permission for this action", "content": "", "date": "2024-08-20T16:35:51.449Z" } | H12: 21127365 | I12: { "message": "You do not have permission for this action", "content": "", "date": "2024-08-20T16:35:51.449Z" } | J12: Passed | L12: 21127365 | M12: 45524
B13: Edit Release - TC01 | C13: Edit Release | D13: Release successfully updated with valid inputs | E13: Set network throttling latency to 60000 login as john_doe | F13: 1. Click on Displayed project, choose Release Field 2. Open Devtools, choose the network configged in Precondition 3. Click a release, then click the arrow, choose the edit icon, field in valid inputs then click edit 4. In tab network, select the new request appearing, right click, and copy its cUrl 5. Open Postman, choose import and paste the cUrl 6. Click Send Request | G13: { "message": "Released edited successfully." } | H13: 21127365 | I13: { "message": "Released edited successfully." } | J13: Passed | L13: 21127365 | M13: 45524
B14: Edit Release - TC02 | C14: Edit Release | D14: Release failed to updated with no name | E14: Set network throttling latency to 60000 login as john_doe | F14: 1. Click on Displayed project, choose Release Field 2. Open Devtools, choose the network configged in Precondition 3. Click a release, then click the arrow, choose the edit icon, field in valid inputs then click edit 4. In tab network, select the new request appearing, right click, and copy its cUrl 5. Open Postman, choose import and paste the cUrl 6. In Body, delete name field 7. Click Send Request | G14: { "message": "Release name must not be empty." } | H14: 21127365 | I14: { "message": "Released edited successfully." } | J14: Failed | K14: 53618 | L14: 21127365 | M14: 45524
B15: Edit Release - TC03 | C15: Edit Release | D15: Release failed to updated with invalid name | E15: Set network throttling latency to 60000 login as john_doe | F15: 1. Click on Displayed project, choose Release Field 2. Open Devtools, choose the network configged in Precondition 3. Click a release, then click the arrow, choose the edit icon, field in valid inputs then click edit 4. In tab network, select the new request appearing, right click, and copy its cUrl 5. Open Postman, choose import and paste the cUrl 6. In Body, set name to "" 7. Click Send Request | G15: { "message": "Release name must not be empty." } | H15: 21127365 | I15: { "message": "Released edited successfully." } | J15: Failed | K15: 53619 | L15: 21127365 | M15: 45524
B16: Edit Release - TC04 | C16: Edit Release | D16: Release failed to updated with no start date | E16: Set network throttling latency to 60000 login as john_doe | F16: 1. Click on Displayed project, choose Release Field 2. Open Devtools, choose the network configged in Precondition 3. Click a release, then click the arrow, choose the edit icon, field in valid inputs then click edit 4. In tab network, select the new request appearing, right click, and copy its cUrl 5. Open Postman, choose import and paste the cUrl 6. In Body, delete start date field 7. Click Send Request | G16: { "message": "Invalid timestamp." } | H16: 21127365 | I16: { "message": "Released edited successfully." } | J16: Failed | K16: 53620 | L16: 21127365 | M16: 45524
B17: Edit Release - TC05 | C17: Edit Release | D17: Release failed to updated with no end date | E17: Set network throttling latency to 60000 login as john_doe | F17: 1. Click on Displayed project, choose Release Field 2. Open Devtools, choose the network configged in Precondition 3. Click a release, then click the arrow, choose the edit icon, field in valid inputs then click edit 4. In tab network, select the new request appearing, right click, and copy its cUrl 5. Open Postman, choose import and paste the cUrl 6. In Body, delete end date field 7. Click Send Request | G17: { "message": "Invalid timestamp." } | H17: 21127365 | I17: { "message": "Released edited successfully." } | J17: Failed | K17: 53621 | L17: 21127365 | M17: 45524
B18: Edit Release - TC06 | C18: Edit Release | D18: Release failed to updated with invalid start date | E18: Set network throttling latency to 60000 login as john_doe | F18: 1. Click on Displayed project, choose Release Field 2. Open Devtools, choose the network configged in Precondition 3. Click a release, then click the arrow, choose the edit icon, field in valid inputs then click edit 4. In tab network, select the new request appearing, right click, and copy its cUrl 5. Open Postman, choose import and paste the cUrl 6. In Body, set start date to "2024--08-24" 7. Click Send Request | G18: { "message": "Internal server error." } | H18: 21127365 | I18: { "message": "Internal server error." } | J18: Passed | L18: 21127365 | M18: 45524
B19: Edit Release - TC07 | C19: Edit Release | D19: Release failed to updated with invalid end date | E19: Set network throttling latency to 60000 login as john_doe | F19: 1. Click on Displayed project, choose Release Field 2. Open Devtools, choose the network configged in Precondition 3. Click a release, then click the arrow, choose the edit icon, field in valid inputs then click edit 4. In tab network, select the new request appearing, right click, and copy its cUrl 5. Open Postman, choose import and paste the cUrl 6. In Body, set end date to "2024--08-28" 7. Click Send Request | G19: { "message": "Internal server error." } | H19: 21127365 | I19: { "message": "Internal server error." } | J19: Passed | L19: 21127365 | M19: 45524
B20: Edit Release - TC08 | C20: Edit Release | D20: Release failed to updated with start date is after end date | E20: Set network throttling latency to 60000 login as john_doe | F20: 1. Click on Displayed project, choose Release Field 2. Open Devtools, choose the network configged in Precondition 3. Click a release, then click the arrow, choose the edit icon, field in valid inputs then click edit 4. In tab network, select the new request appearing, right click, and copy its cUrl 5. Open Postman, choose import and paste the cUrl 6. In Body, set start date to "2024-08-28" and end date to "2024-08-20" 7. Click Send Request | G20: { "message": "Internal server error." } | H20: 21127365 | I20: { "message": "Internal server error." } | J20: Passed | L20: 21127365 | M20: 45524
B21: Edit Release - TC09 | C21: Edit Release | D21: Release failed to updated without access token | E21: Set network throttling latency to 60000 login as john_doe | F21: 1. Click on Displayed project, choose Release Field 2. Open Devtools, choose the network configged in Precondition 3. Click a release, then click the arrow, choose the edit icon, field in valid inputs then click edit 4. In tab network, select the new request appearing, right click, and copy its cUrl 5. Open Postman, choose import and paste the cUrl 6. In header, turn off the cookies 7. Click Send Request | G21: { "message": "Invalid token", "content": "", "date": "2024-08-20T16:40:57.775Z" } | H21: 21127365 | I21: { "message": "Invalid token", "content": "", "date": "2024-08-20T16:40:57.775Z" } | J21: Passed | L21: 21127365 | M21: 45524
B22: Edit Release - TC10 | C22: Edit Release | D22: Release failed to updated with invalid token | E22: Set network throttling latency to 60000 login as tomr | F22: 1. Click on Displayed project, choose Release Field 2. Open Devtools, choose the network configged in Precondition 3. Click a release, then click the arrow, choose the edit icon, field in valid inputs then click edit 4. In tab network, select the new request appearing, right click, and copy its cUrl 5. Open Postman, choose import and paste the cUrl 6. Click Send Request | G22: { "message": "You do not have permission for this action", "content": "", "date": "2024-08-20T16:42:21.306Z" } | H22: 21127365 | I22: { "message": "You do not have permission for this action", "content": "", "date": "2024-08-20T16:42:21.306Z" } | J22: Passed | L22: 21127365 | M22: 45524
B23: Add Test Plan - TC01 | C23: Add Test Plan | D23: Test plan successfully created with valid inputs | E23: Set network throttling latency to 60000 login as john_doe | F23: 1. Click on Displayed project, choose Release Field 2. Open Devtools, choose the network configged in Precondition 3. Click Add Test Plan, field in valid inputs. then click create 4. In tab network, select the new request appearing, right click, and copy its cUrl 5. Open Postman, choose import and paste the cUrl 6. Click Send Request | G23: { "message": "Test Plan created successfully.", "testPlanId": 2385 } | H23: 21127365 | I23: { "message": "Release created successfully.", "testPlanId": 2385 } | J23: Failed | K23: 53622 | L23: 21127365 | M23: 45524
B24: Add Test Plan - TC02 | C24: Add Test Plan | D24: Test plan failed to created with no name | E24: Set network throttling latency to 60000 login as john_doe | F24: 1. Click on Displayed project, choose Release Field 2. Open Devtools, choose the network configged in Precondition 3. Click Add Test Plan, field in valid inputs. then click create 4. In tab network, select the new request appearing, right click, and copy its cUrl 5. Open Postman, choose import and paste the cUrl 6. In body, delete field name 7. Click Send Request | G24: { "message": "Test plan name must not be empty." } | H24: 21127365 | I24: { "message": "Test plan name must not be empty." } | J24: Passed | L24: 21127365 | M24: 45524
B25: Add Test Plan - TC03 | C25: Add Test Plan | D25: Test plan failed to created with invalid name | E25: Set network throttling latency to 60000 login as john_doe | F25: 1. Click on Displayed project, choose Release Field 2. Open Devtools, choose the network configged in Precondition 3. Click Add Test Plan, field in valid inputs. then click create 4. In tab network, select the new request appearing, right click, and copy its cUrl 5. Open Postman, choose import and paste the cUrl 6. In body, set name to "" 7. Click Send Request | G25: { "message": "Test plan name must not be empty." } | H25: 21127365 | I25: { "message": "Test plan name must not be empty." } | J25: Passed | L25: 21127365 | M25: 45524
B26: Add Test Plan - TC04 | C26: Add Test Plan | D26: Test plan failed to created with no description | E26: Set network throttling latency to 60000 login as john_doe | F26: 1. Click on Displayed project, choose Release Field 2. Open Devtools, choose the network configged in Precondition 3. Click Add Test Plan, field in valid inputs. then click create 4. In tab network, select the new request appearing, right click, and copy its cUrl 5. Open Postman, choose import and paste the cUrl 6. In body, delete description field 7. Click Send Request | G26: { "message": "Test plan description must not be empty." } | H26: 21127365 | I26: { "message": "Release created successfully.", "testPlanId": 2386 } | J26: Failed | K26: 53623 | L26: 21127365 | M26: 45524
B27: Add Test Plan - TC05 | C27: Add Test Plan | D27: Test plan failed to created with no start date | E27: Set network throttling latency to 60000 login as john_doe | F27: 1. Click on Displayed project, choose Release Field 2. Open Devtools, choose the network configged in Precondition 3. Click Add Test Plan, field in valid inputs. then click create 4. In tab network, select the new request appearing, right click, and copy its cUrl 5. Open Postman, choose import and paste the cUrl 6. In body, delete start date field 7. Click Send Request | G27: { "message": "Invalid timestamp." } | H27: 21127365 | I27: { "message": "Release created successfully.", "testPlanId": 2387 } | J27: Failed | K27: 53624 | L27: 21127365 | M27: 45524
B28: Add Test Plan - TC06 | C28: Add Test Plan | D28: Test plan failed to created with no end date | E28: Set network throttling latency to 60000 login as john_doe | F28: 1. Click on Displayed project, choose Release Field 2. Open Devtools, choose the network configged in Precondition 3. Click Add Test Plan, field in valid inputs. then click create 4. In tab network, select the new request appearing, right click, and copy its cUrl 5. Open Postman, choose import and paste the cUrl 6. In body, delete end date field 7. Click Send Request | G28: { "message": "Invalid timestamp." } | H28: 21127365 | I28: { "message": "Invalid timestamp." } | J28: Passed | L28: 21127365 | M28: 45524
B29: Add Test Plan - TC07 | C29: Add Test Plan | D29: Test plan failed to created with no releaseId | E29: Set network throttling latency to 60000 login as john_doe | F29: 1. Click on Displayed project, choose Release Field 2. Open Devtools, choose the network configged in Precondition 3. Click Add Test Plan, field in valid inputs. then click create 4. In tab network, select the new request appearing, right click, and copy its cUrl 5. Open Postman, choose import and paste the cUrl 6. In body, delete releaseId field 7. Click Send Request | G29: Missing release ID. | H29: 21127365 | I29: Missing release ID. | J29: Passed | L29: 21127365 | M29: 45524
B30: Add Test Plan - TC08 | C30: Add Test Plan | D30: Test plan failed to created with invalid start date | E30: Set network throttling latency to 60000 login as john_doe | F30: 1. Click on Displayed project, choose Release Field 2. Open Devtools, choose the network configged in Precondition 3. Click Add Test Plan, field in valid inputs. then click create 4. In tab network, select the new request appearing, right click, and copy its cUrl 5. Open Postman, choose import and paste the cUrl 6. In body, set start date to "2024--08-24" 7. Click Send Request | G30: { "message": "An error occurred while creating the test plan." } | H30: 21127365 | I30: { "message": "An error occurred while creating the test plan." } | J30: Passed | L30: 21127365 | M30: 45524
B31: Add Test Plan - TC09 | C31: Add Test Plan | D31: Test plan failed to created with invalid end date | E31: Set network throttling latency to 60000 login as john_doe | F31: 1. Click on Displayed project, choose Release Field 2. Open Devtools, choose the network configged in Precondition 3. Click Add Test Plan, field in valid inputs. then click create 4. In tab network, select the new request appearing, right click, and copy its cUrl 5. Open Postman, choose import and paste the cUrl 6. In body, set end date to "2024--08-31" 7. Click Send Request | G31: { "message": "An error occurred while creating the test plan." } | H31: 21127365 | I31: { "message": "An error occurred while creating the test plan." } | J31: Passed | L31: 21127365 | M31: 45524
B32: Add Test Plan - TC10 | C32: Add Test Plan | D32: Test plan failed to created with start date is after end date | E32: Set network throttling latency to 60000 login as john_doe | F32: 1. Click on Displayed project, choose Release Field 2. Open Devtools, choose the network configged in Precondition 3. Click Add Test Plan, field in valid inputs. then click create 4. In tab network, select the new request appearing, right click, and copy its cUrl 5. Open Postman, choose import and paste the cUrl 6. In body, set end date to "2024-08-24" and start date to "2024-08-28" 7. Click Send Request | G32: { "message": "Invalid timestamp." } | H32: 21127365 | I32: { "message": "Invalid timestamp." } | J32: Passed | L32: 21127365 | M32: 45524
A33: <<< Insert New Line above this line >>>

Sheet Test Summary Report
A1: TEST SUMMARY REPORT
A2: Project Name | C2: <Project Name> | F2: Reviewer | H2: <Reviewer>
A3: Creator | C3: <Creator> | F3: Approver | H3: <Approver>
A4: Note
B5: Test Coverage: | C5: =D12/J12 -> 1
B6: Successful Test Coverage: | C6: =E12/J12 -> 0.73333333 | J6: Date: | K6: 45459
A8: No | B8: Requirement ID | C8: Requirement name | D8: Tested | E8: Passed | F8: Failed | G8: Blocked | H8: Skipped | I8: Not Yet Tested | J8: Total | K8: Tested Coverage
A9: 1 | B9: ='Requirement List'!B2 -> R001 | C9: ='Requirement List'!C2 -> Edit Release | D9: =SUM('Test Summary Report'!$E9:$G9) -> 10 | E9: =COUNTIFS('Test Cases'!$C:$C,'Test Summary Report'!$C9,'Test Cases'!$J:$J,'Test Summary Report'!E$8) -> 6 | F9: =COUNTIFS('Test Cases'!$C:$C,'Test Summary Report'!$C9,'Test Cases'!$J:$J,'Test Summary Report'!F$8) -> 4 | G9: =COUNTIFS('Test Cases'!$C:$C,'Test Summary Report'!$C9,'Test Cases'!$J:$J,'Test Summary Report'!G$8) -> 0 | H9: =COUNTIFS('Test Cases'!$C:$C,'Test Summary Report'!$C9,'Test Cases'!$J:$J,'Test Summary Report'!H$8) -> 0 | I9: =COUNTIFS('Test Cases'!$C:$C,'Test Summary Report'!$C9,'Test Cases'!$J:$J,'Test Summary Report'!I$8) -> 0 | J9: =SUM('Test Summary Report'!$E9:$I9) -> 10 | K9: ='Test Summary Report'!$D9/'Test Summary Report'!$J9 -> 1
A10: =A9+1 -> 2 | B10: ='Requirement List'!B3 -> R002 | C10: ='Requirement List'!C3 -> Add Release | D10: =SUM('Test Summary Report'!$E10:$G10) -> 10 | E10: =COUNTIFS('Test Cases'!$C:$C,'Test Summary Report'!$C10,'Test Cases'!$J:$J,'Test Summary Report'!E$8) -> 9 | F10: =COUNTIFS('Test Cases'!$C:$C,'Test Summary Report'!$C10,'Test Cases'!$J:$J,'Test Summary Report'!F$8) -> 1 | G10: =COUNTIFS('Test Cases'!$C:$C,'Test Summary Report'!$C10,'Test Cases'!$J:$J,'Test Summary Report'!G$8) -> 0 | H10: =COUNTIFS('Test Cases'!$C:$C,'Test Summary Report'!$C10,'Test Cases'!$J:$J,'Test Summary Report'!H$8) -> 0 | I10: =COUNTIFS('Test Cases'!$C:$C,'Test Summary Report'!$C10,'Test Cases'!$J:$J,'Test Summary Report'!I$8) -> 0 | J10: =SUM('Test Summary Report'!$E10:$I10) -> 10 | K10: ='Test Summary Report'!$D10/'Test Summary Report'!$J10 -> 1
A11: =A10+1 -> 3 | B11: ='Requirement List'!B4 -> R003 | C11: ='Requirement List'!C4 -> Add Test Plan | D11: =SUM('Test Summary Report'!$E11:$G11) -> 10 | E11: =COUNTIFS('Test Cases'!$C:$C,'Test Summary Report'!$C11,'Test Cases'!$J:$J,'Test Summary Report'!E$8) -> 7 | F11: =COUNTIFS('Test Cases'!$C:$C,'Test Summary Report'!$C11,'Test Cases'!$J:$J,'Test Summary Report'!F$8) -> 3 | G11: =COUNTIFS('Test Cases'!$C:$C,'Test Summary Report'!$C11,'Test Cases'!$J:$J,'Test Summary Report'!G$8) -> 0 | H11: =COUNTIFS('Test Cases'!$C:$C,'Test Summary Report'!$C11,'Test Cases'!$J:$J,'Test Summary Report'!H$8) -> 0 | I11: =COUNTIFS('Test Cases'!$C:$C,'Test Summary Report'!$C11,'Test Cases'!$J:$J,'Test Summary Report'!I$8) -> 0 | J11: =SUM('Test Summary Report'!$E11:$I11) -> 10 | K11: ='Test Summary Report'!$D11/'Test Summary Report'!$J11 -> 1
A12: <<< Insert New Line above this line >>> | C12: Total | D12: =SUM(D9:D11) -> 30 | E12: =SUM(E9:E11) -> 22 | F12: =SUM(F9:F11) -> 8 | G12: =SUM(G9:G11) -> 0 | H12: =SUM(H9:H11) -> 0 | I12: =SUM(I9:I11) -> 0 | J12: =SUM(J9:J11) -> 30 | K12: =C5 -> 1

Sheet Legend
A1: Test Case Status
A2: Passed | B2: Expected = Actual
A3: Failed | B3: Expected <> Actual
A4: Blocked | B4: Can not test
A5: Skipped | B5: Do not need to test now
A6: Not Yet Tested
